id,name,address,hobby
5,Bing,,Digging
1,John,1 Station St,
2,Jane,8 Parade Rd,Digging
3,Nutmeg,7 Ocean Rd,Fishing
4,Maria,,Digging
5,Bing,,Digging
5,Bing,,Digging
1,John,1 Station St,
2,Jane,8 Parade Rd,Digging
3,Nutmeg,7 Ocean Rd,Fishing
4,Maria,,Digging
5,Bing,,Digging
5,Bing,,Digging
1,John,1 Station St,
2,Jane,8 Parade Rd,Digging
3,Nutmeg,7 Ocean Rd,Fishing
4,Maria,,Digging
5,Bing,,Digging
5,Bing,,Digging
1,John,1 Station St,
2,Jane,8 Parade Rd,Digging
3,Nutmeg,7 Ocean Rd,Fishing
4,Maria,,Digging
5,Bing,,Digging
5,Bing,,Digging
1,John,1 Station St,
2,Jane,8 Parade Rd,Digging
3,Nutmeg,7 Ocean Rd,Fishing
4,Maria,,Digging
5,Bing,,Digging
5,Bing,,Digging
1,John,1 Station St,
2,Jane,8 Parade Rd,Digging
3,Nutmeg,7 Ocean Rd,Fishing
4,Maria,,Digging
5,Bing,,Digging
5,Bing,,Digging
1,John,1 Station St,
2,Jane,8 Parade Rd,Digging
3,Nutmeg,7 Ocean Rd,Fishing
4,Maria,,Digging
5,Bing,,Digging
5,Bing,,Digging
1,John,1 Station St,
2,Jane,8 Parade Rd,Digging
3,Nutmeg,7 Ocean Rd,Fishing
4,Maria,,Digging
5,Bing,,Digging
5,Bing,,Digging
1,John,1 Station St,
2,Jane,8 Parade Rd,Digging
3,Nutmeg,7 Ocean Rd,Fishing
4,Maria,,Digging
5,Bing,,Digging
5,Bing,,Digging
1,John,1 Station St,
2,Jane,8 Parade Rd,Digging
3,Nutmeg,7 Ocean Rd,Fishing
4,Maria,,Digging
5,Bing,,Digging
5,Bing,,Digging
1,John,1 Station St,
2,Jane,8 Parade Rd,Digging
3,Nutmeg,7 Ocean Rd,Fishing
4,Maria,,Digging
5,Bing,,Digging
5,Bing,,Digging
1,John,1 Station St,
2,Jane,8 Parade Rd,Digging
3,Nutmeg,7 Ocean Rd,Fishing
4,Maria,,Digging
5,Bing,,Digging
5,Bing,,Digging
1,John,1 Station St,
2,Jane,8 Parade Rd,Digging
3,Nutmeg,7 Ocean Rd,Fishing
4,Maria,,Digging
5,Bing,,Digging
5,Bing,,Digging
1,John,1 Station St,
2,Jane,8 Parade Rd,Digging
3,Nutmeg,7 Ocean Rd,Fishing
4,Maria,,Digging
5,Bing,,Digging
5,Bing,,Digging
1,John,1 Station St,
2,Jane,8 Parade Rd,Digging
3,Nutmeg,7 Ocean Rd,Fishing
4,Maria,,Digging
5,Bing,,Digging
5,Bing,,Digging
1,John,1 Station St,
2,Jane,8 Parade Rd,Digging
3,Nutmeg,7 Ocean Rd,Fishing
4,Maria,,Digging
5,Bing,,Digging
5,Bing,,Digging
1,John,1 Station St,
2,Jane,8 Parade Rd,Digging
3,Nutmeg,7 Ocean Rd,Fishing
4,Maria,,Digging
5,Bing,,Digging
5,Bing,,Digging
1,John,1 Station St,
2,Jane,8 Parade Rd,Digging
3,Nutmeg,7 Ocean Rd,Fishing
4,Maria,,Digging
5,Bing,,Digging
5,Bing,,Digging
1,John,1 Station St,
2,Jane,8 Parade Rd,Digging
3,Nutmeg,7 Ocean Rd,Fishing
4,Maria,,Digging
5,Bing,,Digging
